TICKET NO,SERIAL NO,VALID FROM(DD-MM-YYYY),VALID TILL(DD-MM-YYYY),,,,,
00100020046200386320,AtlantisRATHIN,21/03/2023,15/10/2023,,'00100020046200386320,,,00100020046200386320
00100020046200386322,AtlantisRATHIN,21/03/2023,15/10/2023,,'00100020046200386322,,,00100020046200386322
00100020046200386324,AtlantisRATHIN,21/03/2023,15/10/2023,,'00100020046200386324,,,00100020046200386324
00100020046200386326,AtlantisRATHIN,21/03/2023,15/10/2023,,'00100020046200386326,,,00100020046200386326
00100020046200386328,AtlantisRATHIN,21/03/2023,15/10/2023,,'00100020046200386328,,,00100020046200386328
00100020046200386330,AtlantisRATHIN,21/03/2023,15/10/2023,,'00100020046200386330,,,00100020046200386330
00100020046200386332,AtlantisRATHIN,21/03/2023,15/10/2023,,'00100020046200386332,,,00100020046200386332
00100020046200386334,AtlantisRATHIN,21/03/2023,15/10/2023,,'00100020046200386334,,,00100020046200386334
00100020046200386336,AtlantisRATHIN,21/03/2023,15/10/2023,,'00100020046200386336,,,00100020046200386336
00100020046200386338,AtlantisRATHIN,21/03/2023,15/10/2023,,'00100020046200386338,,,00100020046200386338
,,,,,,,,00100020046200386340