TICKET NO,SERIAL NO,VALID FROM(DD-MM-YYYY),VALID TILL(DD-MM-YYYY)
3122141159T,240771,22/03/2023,22/03/2024
34770333591,240772,22/03/2023,22/03/2024
37652961938,240773,22/03/2023,22/03/2024
38671137395,240774,22/03/2023,22/03/2024
3774699877O,240775,22/03/2023,22/03/2024
3162231774-,240776,22/03/2023,22/03/2024
38445870747,240777,22/03/2023,22/03/2024
3137132247X,240778,22/03/2023,22/03/2024
3255688925A,240779,22/03/2023,22/03/2024
3688330250 ,240780,22/03/2023,22/03/2024
3073393453/,240781,22/03/2023,22/03/2024
3340077247.,240782,22/03/2023,22/03/2024
3278061003U,240783,22/03/2023,22/03/2024
3167241406Y,240784,22/03/2023,22/03/2024
3143285744+,240785,22/03/2023,22/03/2024
3204615603U,240786,22/03/2023,22/03/2024
35151067881,240787,22/03/2023,22/03/2024
3800501162Q,240788,22/03/2023,22/03/2024
3583949087D,240789,22/03/2023,22/03/2024
3300823662X,240790,22/03/2023,22/03/2024
3641418244.,240791,22/03/2023,22/03/2024
39252971904,240792,22/03/2023,22/03/2024
37956831403,240793,22/03/2023,22/03/2024
3950307923+,240794,22/03/2023,22/03/2024
31356175660,240795,22/03/2023,22/03/2024
31336455692,240796,22/03/2023,22/03/2024
3681444270$,240797,22/03/2023,22/03/2024
3035369803/,240798,22/03/2023,22/03/2024
,,,
,,,
,,,
,,,
