TICKET NO,SERIAL NO,VALID FROM,VALID TILL
369296565110292,14517900,16/07/2023,30/07/2023
369296565123652,14517901,16/07/2023,30/07/2023
369296565132636,14517902,16/07/2023,30/07/2023
369296565149586,14517903,16/07/2023,30/07/2023
369296565154863,14517904,16/07/2023,30/07/2023
369296565165144,14517905,16/07/2023,30/07/2023
369296565176346,14517906,16/07/2023,30/07/2023
369296565184621,14517907,16/07/2023,30/07/2023
369296565192043,14517908,16/07/2023,30/07/2023
369296565110500,14517909,16/07/2023,30/07/2023
369296565111629,14517910,16/07/2023,30/07/2023
369296565112260,14517911,16/07/2023,30/07/2023
369296565113452,14517912,16/07/2023,30/07/2023
369296565114916,14517913,16/07/2023,30/07/2023
369296565115998,14517914,16/07/2023,30/07/2023
369296565116811,14517915,16/07/2023,30/07/2023
369296565117832,14517916,16/07/2023,30/07/2023
369296565118305,14517917,16/07/2023,30/07/2023
369296565119749,14517918,16/07/2023,30/07/2023
369296565120226,14517919,16/07/2023,30/07/2023
